{
    "rmse": 0.7852153169721832,
    "mae": 0.6165630940077261,
    "r2": 0.09298127265255152
}