{
    "rmse": 0.7650565802020856,
    "mae": 0.5853115709105101,
    "r2": 0.12611878934613507
}