{
    "rmse": 0.8084563947929522,
    "mae": 0.6536017422816177,
    "r2": 0.07122961123710636
}