{
    "rmse": 0.7775045434875739,
    "mae": 0.6045133151438207,
    "r2": 0.17941013512982995
}